{
  "ticker": "RENDER-USD",
  "interval": "1h",
  "future_hours": 24,
  "buy_thresh": 0.03,
  "sell_thresh": -0.03,
  "n_features": 56,
  "train_rows": 12852,
  "trained_at": "2026-05-26T18:18:02.347873",
  "best_classifier": "RandomForest",
  "best_regressor": "XGBoost",
  "cls_cv_scores": {
    "XGBoost": 0.3468720821661998,
    "LightGBM": 0.3393090569561158,
    "RandomForest": 0.357609710550887
  },
  "reg_cv_r2": {
    "XGBoost": 0.21732546534523606,
    "LightGBM": -0.5531229107654659,
    "RandomForest": 0.10036387344945386
  }
}